market_place,url,product_name,sku,price,total_stars_ranking,review_num,subject,rating,comment,author,date,like,dislike
lowes.com,https://www.lowes.com/pd/Project-Source-Project-Source-Pro-Flush-2-Piece-Single-Flush-Elongated-Chair-Height-White-1-28-GPF/1003066162,Project Source  Pro-Flush White Elongated Chair Height 2-piece WaterSense Toilet 12-in Rough-In Size (Ada Compliant),Model #MT-802PRO,$119.00,4.5,624 Customer Reviews,"For good flush, needs slight modification",4,"For the price and look I would give this a 5 star however, trying to make it a ""watersense"" the flush is so quick that the side walls do not properly clean. you might want to buy another flush valve and replace the installed one. As noted in my pictures, the flush valve is 3.5 inches above the base which leaves little available water to flush and, my tenant required two flushes (and a scrub brush to clean the side) so, if you want a full flush, that is long enough to ""do the job,"" buy another f...",James,"January 16, 2022",(32),(9)
lowes.com,https://www.lowes.com/pd/Project-Source-Project-Source-Pro-Flush-2-Piece-Single-Flush-Elongated-Chair-Height-White-1-28-GPF/1003066162,Project Source  Pro-Flush White Elongated Chair Height 2-piece WaterSense Toilet 12-in Rough-In Size (Ada Compliant),Model #MT-802PRO,$119.00,4.5,624 Customer Reviews,,3,Besides the lid being too small. It's a pretty good toilet. It's only 100bucks so really you can't ask for perfection. But it works how it should and pretty happy with it. Though I would like a fitted lid so the males can get off my back about it.,Roxy,"April 15, 2022",(8),(9)
lowes.com,https://www.lowes.com/pd/Project-Source-Project-Source-Pro-Flush-2-Piece-Single-Flush-Elongated-Chair-Height-White-1-28-GPF/1003066162,Project Source  Pro-Flush White Elongated Chair Height 2-piece WaterSense Toilet 12-in Rough-In Size (Ada Compliant),Model #MT-802PRO,$119.00,4.5,624 Customer Reviews,really a good buy,5,I've had this for about a month. I have mostly bought total Drakes in the past which are the top rated by most plumbers. that is what I'm comparing this to and also American Standard Cadet 3 which is also a very fine toilet. I paid $100 for this toilet and had someone else install it but I normally install them myself. I had the Fluidmaster waxless seal which work great. this toilet has quality features usually seen in toilets twice to three times the price. first of all it has a 3 inch flush va...,Texan,"November 8, 2022",(6),(0)
lowes.com,https://www.lowes.com/pd/Project-Source-Project-Source-Pro-Flush-2-Piece-Single-Flush-Elongated-Chair-Height-White-1-28-GPF/1003066162,Project Source  Pro-Flush White Elongated Chair Height 2-piece WaterSense Toilet 12-in Rough-In Size (Ada Compliant),Model #MT-802PRO,$119.00,4.5,624 Customer Reviews,Toilet lid cheaply made,3,Toilet easy install. Good overall except lid does not sit down snuggly & or cover all of unpainted sections of toilet lid. Material still shows thru so makes toilet look so cheap. Very disappointed but did not uncover tank lid until toilet had been completely installed.,Tammy,"March 20, 2021",(25),(18)
lowes.com,https://www.lowes.com/pd/Project-Source-Project-Source-Pro-Flush-2-Piece-Single-Flush-Elongated-Chair-Height-White-1-28-GPF/1003066162,Project Source  Pro-Flush White Elongated Chair Height 2-piece WaterSense Toilet 12-in Rough-In Size (Ada Compliant),Model #MT-802PRO,$119.00,4.5,624 Customer Reviews,grest toilet for a great price!,5,"Like most Texans, Valetines day was just a disaster. Pipes busted and toilets were damaged. As soon as stores were open, there were long lines and shelves were empty. Fast forward a week, I had to replace two toilets and luckily I found this gem and it came with everything. When I say everythinng, I mean everything. Wax, bowl internals all came with the toilet and it was so easy to install. Directions were easy to read and it took more time hauling the old one out. Definitely a great buy! Also i...",TexanStrong,"February 27, 2021",(54),(9)
lowes.com,https://www.lowes.com/pd/Project-Source-Project-Source-Pro-Flush-2-Piece-Single-Flush-Elongated-Chair-Height-White-1-28-GPF/1003066162,Project Source  Pro-Flush White Elongated Chair Height 2-piece WaterSense Toilet 12-in Rough-In Size (Ada Compliant),Model #MT-802PRO,$119.00,4.5,624 Customer Reviews,Poor quality control.,1,"I bought the chair height versin of this product this morning. Started installation in our guest bathroom and discovered the plastic nuts and covers for the floor bolts were missing. Back to Lowe’s for free replacements. Rest of the install was uneventful. Everything worked fine. Then my wife discovers a crack in the porcelain on the lip of the bowl. No, I didn’t drop it or do snything that would have caused a hairline crack. So now I’ll have to uninstall it and hope Lowe’s will take it back as...",Paul,"June 13, 2021",(25),(22)
lowes.com,https://www.lowes.com/pd/Project-Source-Project-Source-Pro-Flush-2-Piece-Single-Flush-Elongated-Chair-Height-White-1-28-GPF/1003066162,Project Source  Pro-Flush White Elongated Chair Height 2-piece WaterSense Toilet 12-in Rough-In Size (Ada Compliant),Model #MT-802PRO,$119.00,4.5,624 Customer Reviews,Great toilet,4,"Toilet works great, easy installation, everything needed was in the box. Replaced all 3 toilets in the house, primarily to get the higher chair height. We did not intend to use the included toilet seats so the fact that 2 out of 3 toilet seats were broken was not a problem. If you were relying on using the included seats, this would have been a problem. See picture. Expect the toilet seat got broken when it was dumped into the package. Would have been 5 stars if the seats all arrived intac...",camshaft,"June 22, 2022",(6),(0)
lowes.com,https://www.lowes.com/pd/Project-Source-Project-Source-Pro-Flush-2-Piece-Single-Flush-Elongated-Chair-Height-White-1-28-GPF/1003066162,Project Source  Pro-Flush White Elongated Chair Height 2-piece WaterSense Toilet 12-in Rough-In Size (Ada Compliant),Model #MT-802PRO,$119.00,4.5,624 Customer Reviews,best buy toilet period!!!,5,This toilet is the best buy out there!it's replacing the aquasource henshaw model which consumer reports rated the best buy toilet!3 inch flush valve not 2 inch makes it super powerful!!!Definetly the best toilet out there and I been doing this a long time,Craig,"June 11, 2021",(39),(3)
lowes.com,https://www.lowes.com/pd/Project-Source-Project-Source-Pro-Flush-2-Piece-Single-Flush-Elongated-Chair-Height-White-1-28-GPF/1003066162,Project Source  Pro-Flush White Elongated Chair Height 2-piece WaterSense Toilet 12-in Rough-In Size (Ada Compliant),Model #MT-802PRO,$119.00,4.5,624 Customer Reviews,"A great value, strong flush, and assembled tank!",5,"Overall I thought this was a really good value for a replacement toilet and the flush power is drastically higher than in previous 2” toilets I’ve had. The kit comes with everything you need to install it including a wax ring although I ended up using a jumbo ring for a more durable seal. I also really liked how the tank was completely assembled including the studs in the bottom. I didn’t have to rig up the flush system or anything, really making this a nearly tool-less installation. I did end u...",Jasper,"August 21, 2021",(24),(4)
lowes.com,https://www.lowes.com/pd/Project-Source-Project-Source-Pro-Flush-2-Piece-Single-Flush-Elongated-Chair-Height-White-1-28-GPF/1003066162,Project Source  Pro-Flush White Elongated Chair Height 2-piece WaterSense Toilet 12-in Rough-In Size (Ada Compliant),Model #MT-802PRO,$119.00,4.5,624 Customer Reviews,Awesome setup,5,"I had this toilet for over a month waiting for work to be done. Once I unpacked it, I was extremely impressed in the packaging. The insides of the toilet were already installed so all I had to do was attach the wax ring (included), bolt the toilet to the floor (bolts are included), and then bolt the tank to the toilet (also already included). Then attach the water line (not included). The tank already had the flapper and the water installed along with the tank bolts fastened so there was no...",meridian,"October 22, 2021",(32),(1)
lowes.com,https://www.lowes.com/pd/Project-Source-Project-Source-Pro-Flush-2-Piece-Single-Flush-Elongated-Chair-Height-White-1-28-GPF/1003066162,Project Source  Pro-Flush White Elongated Chair Height 2-piece WaterSense Toilet 12-in Rough-In Size (Ada Compliant),Model #MT-802PRO,$119.00,4.5,624 Customer Reviews,Extended and Elongated Toilet,5,Just what I was looking for and wanted,Veronica,"January 28, 2022",(9),(0)
lowes.com,https://www.lowes.com/pd/Project-Source-Project-Source-Pro-Flush-2-Piece-Single-Flush-Elongated-Chair-Height-White-1-28-GPF/1003066162,Project Source  Pro-Flush White Elongated Chair Height 2-piece WaterSense Toilet 12-in Rough-In Size (Ada Compliant),Model #MT-802PRO,$119.00,4.5,624 Customer Reviews,Side by side comparison to name brand!,5,"Remodeled my two bathrooms. Mine and my husbands bathroom got a name brand 'pro flush' while my 16 year old son's got the 'off brand' Project Source. I'm NOT his housekeeper so it never gets cleaned, while mine gets cleaned several times a week. To be gross, I dont walk away from skid marks...husband does. My name brand doesn't do very well at rinsing so I clean it at least 2-3 times a week. Two weeks ago we had company coming over so I hit my sons with his never used toilet brush. It was kinda...",Mmmmmmmelodie,"April 28, 2022",(3),(5)
lowes.com,https://www.lowes.com/pd/Project-Source-Project-Source-Pro-Flush-2-Piece-Single-Flush-Elongated-Chair-Height-White-1-28-GPF/1003066162,Project Source  Pro-Flush White Elongated Chair Height 2-piece WaterSense Toilet 12-in Rough-In Size (Ada Compliant),Model #MT-802PRO,$119.00,4.5,624 Customer Reviews,Amazing,5,"I replaced 2 original 23-year-old contractors' toilets that had been repaired several times. For the deductible from home warranty companies, I should have just replaced initially. They are ADA compliant which is huge. The old ones were at a level reserved for children. My recommendation is to just replace your toilet if it develops problems. The price for the round toilet is just $89.00. I bought the elongated one for $99.00. My son said the installation was easy. Only one flush is needed, and ...",Carolyn G,"June 7, 2022",(13),(2)
lowes.com,https://www.lowes.com/pd/Project-Source-Project-Source-Pro-Flush-2-Piece-Single-Flush-Elongated-Chair-Height-White-1-28-GPF/1003066162,Project Source  Pro-Flush White Elongated Chair Height 2-piece WaterSense Toilet 12-in Rough-In Size (Ada Compliant),Model #MT-802PRO,$119.00,4.5,624 Customer Reviews,Dont buy it's an irregular fit,1,The lid is way smaller than the seating area. Looks weird but I cannot afford to pay to remove and replace with another brand. Also Toilet is not as high as mentioned on box,Judy,"February 3, 2022",(9),(16)
lowes.com,https://www.lowes.com/pd/Project-Source-Project-Source-Pro-Flush-2-Piece-Single-Flush-Elongated-Chair-Height-White-1-28-GPF/1003066162,Project Source  Pro-Flush White Elongated Chair Height 2-piece WaterSense Toilet 12-in Rough-In Size (Ada Compliant),Model #MT-802PRO,$119.00,4.5,624 Customer Reviews,Great looks and easy to install,5,This is really easy to install. I replaced a round toilet with this elongated one as kids outgrew the round toilet. The great part is that this toilet takes up less depth from the wall compared to the round Delta toilet that I just replaced! The tank lid is actually good and it is not just a lid that sits on the tank but fits into the tank - so it's a tight fitting lid and not just a lid that sits on top of the tank. The flush seems quite powerful. As other reviews have mentioned the lid is supe...,modemz,"November 13, 2022",(3),(0)
lowes.com,https://www.lowes.com/pd/Project-Source-Project-Source-Pro-Flush-2-Piece-Single-Flush-Elongated-Chair-Height-White-1-28-GPF/1003066162,Project Source  Pro-Flush White Elongated Chair Height 2-piece WaterSense Toilet 12-in Rough-In Size (Ada Compliant),Model #MT-802PRO,$119.00,4.5,624 Customer Reviews,Make sure you buy a new hose going to the wall.,5,Very nice and easy to hookup,Kevin,"January 8, 2022",(5),(0)
lowes.com,https://www.lowes.com/pd/Project-Source-Project-Source-Pro-Flush-2-Piece-Single-Flush-Elongated-Chair-Height-White-1-28-GPF/1003066162,Project Source  Pro-Flush White Elongated Chair Height 2-piece WaterSense Toilet 12-in Rough-In Size (Ada Compliant),Model #MT-802PRO,$119.00,4.5,624 Customer Reviews,Great water saver,5,"Great affordable toilet, easy to install. Chair high is great. Uses a lot less water than my old toilet. The toilet seat on the cheap side but ok.",Sewe55,"September 27, 2021",(7),(2)
lowes.com,https://www.lowes.com/pd/Project-Source-Project-Source-Pro-Flush-2-Piece-Single-Flush-Elongated-Chair-Height-White-1-28-GPF/1003066162,Project Source  Pro-Flush White Elongated Chair Height 2-piece WaterSense Toilet 12-in Rough-In Size (Ada Compliant),Model #MT-802PRO,$119.00,4.5,624 Customer Reviews,Very professional..,4,Great Product and great service from ordering to the delivery..,F D 23,"December 14, 2022",(0),(0)
lowes.com,https://www.lowes.com/pd/Project-Source-Project-Source-Pro-Flush-2-Piece-Single-Flush-Elongated-Chair-Height-White-1-28-GPF/1003066162,Project Source  Pro-Flush White Elongated Chair Height 2-piece WaterSense Toilet 12-in Rough-In Size (Ada Compliant),Model #MT-802PRO,$119.00,4.5,624 Customer Reviews,"Quality toilet, easy install, cheap seat",5,I've installed about a dozen of the Aquasource Henshaw toilets around town in our various rentals and have always been pleased with the value and ease of maintenance. When I showed up a Lowes a few days ago to find out they were discontinuing the line I was not pleased - but this is the replacement for it and it's easily as good and in fact they improved a few things. The mounting parts for the bowl to the floor are better (hand tighten bolts and snap on covers). The flushing mechanism is sim...,Jeff,"June 24, 2021",(33),(4)
lowes.com,https://www.lowes.com/pd/Project-Source-Project-Source-Pro-Flush-2-Piece-Single-Flush-Elongated-Chair-Height-White-1-28-GPF/1003066162,Project Source  Pro-Flush White Elongated Chair Height 2-piece WaterSense Toilet 12-in Rough-In Size (Ada Compliant),Model #MT-802PRO,$119.00,4.5,624 Customer Reviews,Ck before installatio u cant yrust box,1,"The toilet in the box was not chair height, Clearly stock no said chair height but it was regular and we r 74 urs old and need the height and the lid to tank was broken in three pieces the plumbmer opened the box and installed not knowing it was wrong now we have to pay to have it removed, drive 54 miles gas is 4.59 a gallon to take it back and pay plumber to reinstall it! We r very dissapointed",Pinky,"May 20, 2022",(5),(3)
lowes.com,https://www.lowes.com/pd/Project-Source-Project-Source-Pro-Flush-2-Piece-Single-Flush-Elongated-Chair-Height-White-1-28-GPF/1003066162,Project Source  Pro-Flush White Elongated Chair Height 2-piece WaterSense Toilet 12-in Rough-In Size (Ada Compliant),Model #MT-802PRO,$119.00,4.5,624 Customer Reviews,"Affordable toilet, that works great",4,"This toilet looks and works as good as models costing hundreds more. At first I was a bit concerned buying a $99 product, however, after it was installed, I thought it looked really good. My only complaint has to do with a toilet seat. The seat included is a thin plastic seat which bends and flexes when you sit on the toilet. Lowes sells an inexpensive old wooden style seat for $12. I replaced the seat that came with my toilet. Wish the toilet came with the wooden seat from getgo.",apara223,"September 10, 2022",(9),(1)
lowes.com,https://www.lowes.com/pd/Project-Source-Project-Source-Pro-Flush-2-Piece-Single-Flush-Elongated-Chair-Height-White-1-28-GPF/1003066162,Project Source  Pro-Flush White Elongated Chair Height 2-piece WaterSense Toilet 12-in Rough-In Size (Ada Compliant),Model #MT-802PRO,$119.00,4.5,624 Customer Reviews,Very professional..,4,Great Product and great service from ordering to the delivery..,F D 23,"December 14, 2022",(0),(0)
lowes.com,https://www.lowes.com/pd/Project-Source-Project-Source-Pro-Flush-2-Piece-Single-Flush-Elongated-Chair-Height-White-1-28-GPF/1003066162,Project Source  Pro-Flush White Elongated Chair Height 2-piece WaterSense Toilet 12-in Rough-In Size (Ada Compliant),Model #MT-802PRO,$119.00,4.5,624 Customer Reviews,Reasonably priced. Quality product.,5,Good value for the price. I purchased two and would purchase again. Sturdy and good flush force.,Linda B,"August 1, 2021",(17),(0)
lowes.com,https://www.lowes.com/pd/Project-Source-Project-Source-Pro-Flush-2-Piece-Single-Flush-Elongated-Chair-Height-White-1-28-GPF/1003066162,Project Source  Pro-Flush White Elongated Chair Height 2-piece WaterSense Toilet 12-in Rough-In Size (Ada Compliant),Model #MT-802PRO,$119.00,4.5,624 Customer Reviews,Toilet-yes Stickers-no,4,"This is a fine toilet so far. I especially love these multiple random blue sticker that are placed on each toilet, that serve no purpose other than to make my life difficult.",April,"July 14, 2021",(11),(7)
lowes.com,https://www.lowes.com/pd/Project-Source-Project-Source-Pro-Flush-2-Piece-Single-Flush-Elongated-Chair-Height-White-1-28-GPF/1003066162,Project Source  Pro-Flush White Elongated Chair Height 2-piece WaterSense Toilet 12-in Rough-In Size (Ada Compliant),Model #MT-802PRO,$119.00,4.5,624 Customer Reviews,"Great value, performance and fit!",5,"The value was great but only because it works great - especially for the efficiency it provides. I was going from a 3 gallon per flush unit so I had reservations, but no worries now. The added plus was that the base was wide enough to cover the footprint of the previous toilet which helped avoid an aesthetic nightmare.",Chris G,"February 9, 2022",(10),(0)
lowes.com,https://www.lowes.com/pd/Project-Source-Project-Source-Pro-Flush-2-Piece-Single-Flush-Elongated-Chair-Height-White-1-28-GPF/1003066162,Project Source  Pro-Flush White Elongated Chair Height 2-piece WaterSense Toilet 12-in Rough-In Size (Ada Compliant),Model #MT-802PRO,$119.00,4.5,624 Customer Reviews,Nice,5,The height was good. The toilet was easy to install.,Lynn,"March 7, 2022",(6),(2)
lowes.com,https://www.lowes.com/pd/Project-Source-Project-Source-Pro-Flush-2-Piece-Single-Flush-Elongated-Chair-Height-White-1-28-GPF/1003066162,Project Source  Pro-Flush White Elongated Chair Height 2-piece WaterSense Toilet 12-in Rough-In Size (Ada Compliant),Model #MT-802PRO,$119.00,4.5,624 Customer Reviews,NOT A CHAIR HEIGHT,1,"I wish I had seen this before my husband installed this, it’s not as high as the toilet I had. If you want a chair height don’t get this one unless you have short legs.",Cher,"June 15, 2022",(4),(1)
lowes.com,https://www.lowes.com/pd/Project-Source-Project-Source-Pro-Flush-2-Piece-Single-Flush-Elongated-Chair-Height-White-1-28-GPF/1003066162,Project Source  Pro-Flush White Elongated Chair Height 2-piece WaterSense Toilet 12-in Rough-In Size (Ada Compliant),Model #MT-802PRO,$119.00,4.5,624 Customer Reviews,Super good and cheap toilet！！,5,"The function of the toilet is very good,Obviously, it can wash away all solids, and its price is far lower than American Standard and Kohler. It has the same quality as American Standard. It is my best choice.",Matteo,"March 9, 2022",(12),(0)
lowes.com,https://www.lowes.com/pd/Project-Source-Project-Source-Pro-Flush-2-Piece-Single-Flush-Elongated-Chair-Height-White-1-28-GPF/1003066162,Project Source  Pro-Flush White Elongated Chair Height 2-piece WaterSense Toilet 12-in Rough-In Size (Ada Compliant),Model #MT-802PRO,$119.00,4.5,624 Customer Reviews,Easy and quick to install,5,"Needed to replace an old standard height toilet and decided on a chair height elongated. Didn't need a big fancy model, just one that worked. This matched all my wants. From the time I picked it up at Lowes, to being completely installed was just at 3 hours, by myself and removing the old one. Fit perfectly and everything was there. Really liked how the tank flush mechanism was preinstalled and the wax ring was included. Didn't have to make any return trips to get things not included and all you...",FloridaSteve,"December 3, 2022",(0),(1)
lowes.com,https://www.lowes.com/pd/Project-Source-Project-Source-Pro-Flush-2-Piece-Single-Flush-Elongated-Chair-Height-White-1-28-GPF/1003066162,Project Source  Pro-Flush White Elongated Chair Height 2-piece WaterSense Toilet 12-in Rough-In Size (Ada Compliant),Model #MT-802PRO,$119.00,4.5,624 Customer Reviews,Recommended 100% by a master plumber,5,"This is one of the best toilet I’ve ever e installed, my customer bought this toilet at Lowe’s she asked me to install it, when I finish with the installation OMG !!! This is a great toilet so from now on I’ll be installing this brand, thank you Lowe’s for having such a great product.",OCROOTERGUY,"September 1, 2021",(17),(2)
lowes.com,https://www.lowes.com/pd/Project-Source-Project-Source-Pro-Flush-2-Piece-Single-Flush-Elongated-Chair-Height-White-1-28-GPF/1003066162,Project Source  Pro-Flush White Elongated Chair Height 2-piece WaterSense Toilet 12-in Rough-In Size (Ada Compliant),Model #MT-802PRO,$119.00,4.5,624 Customer Reviews,Useful,4,I purchased the toilet for my mom. She thoroughly enjoys it. Especially the height as she is having health issues.,Kelly,"December 12, 2021",(10),(0)
lowes.com,https://www.lowes.com/pd/Project-Source-Project-Source-Pro-Flush-2-Piece-Single-Flush-Elongated-Chair-Height-White-1-28-GPF/1003066162,Project Source  Pro-Flush White Elongated Chair Height 2-piece WaterSense Toilet 12-in Rough-In Size (Ada Compliant),Model #MT-802PRO,$119.00,4.5,624 Customer Reviews,Nice Product!,5,"I love the appearance and comfort of these toilets. I bought two of these toilets to replace the toilets in our two bathrooms as we have changed up the color scheme a bit. They look great and are very comfortable! I always like the longer bowl verses the rounder bowl. I find them much more comfortable to use and less likely to see accidents from young or old folks with poor aim. All in all, I am very happy with these commodes. They are very attractive and highly functional. Not at all diffi...",RevChasBM,"April 11, 2022",(3),(0)
lowes.com,https://www.lowes.com/pd/Project-Source-Project-Source-Pro-Flush-2-Piece-Single-Flush-Elongated-Chair-Height-White-1-28-GPF/1003066162,Project Source  Pro-Flush White Elongated Chair Height 2-piece WaterSense Toilet 12-in Rough-In Size (Ada Compliant),Model #MT-802PRO,$119.00,4.5,624 Customer Reviews,Great commode,4,Bought the project source commode to replace a Briggs commode. The PS commode is a basic toilet but exceeds in function. Chair height was perfect as well as the trap made for easy quick flush. This commode has the standard Flowmaster gravity flush system which can be easily replaced/repaired - no canister crap like the Kohler brand or the aqua piston like American Standard.,JanR,"January 5, 2021",(29),(9)
lowes.com,https://www.lowes.com/pd/Project-Source-Project-Source-Pro-Flush-2-Piece-Single-Flush-Elongated-Chair-Height-White-1-28-GPF/1003066162,Project Source  Pro-Flush White Elongated Chair Height 2-piece WaterSense Toilet 12-in Rough-In Size (Ada Compliant),Model #MT-802PRO,$119.00,4.5,624 Customer Reviews,Good with negatives,3,"Dear Jon, Overall I'm good & would do it again, butttttt...Plastic nuts hold the toilet to the floor. Plastic nuts fasten the tank to the toilet. Tank rocks big time & scared to tighten too much & break the tank. Approx 3"" of water stays in bottom of tank always, because the base that the flapper closes on, is jacked up way high. Tank lid seems to not fit good. Flushes great",JonBoy,"May 22, 2021",(20),(5)
lowes.com,https://www.lowes.com/pd/Project-Source-Project-Source-Pro-Flush-2-Piece-Single-Flush-Elongated-Chair-Height-White-1-28-GPF/1003066162,Project Source  Pro-Flush White Elongated Chair Height 2-piece WaterSense Toilet 12-in Rough-In Size (Ada Compliant),Model #MT-802PRO,$119.00,4.5,624 Customer Reviews,Your getting quality for a lower price.,5,I first was attracted to the price and shape of the bowl. Now that they have been installed in my Mobile home (they fit perfect) I’m in Heaven! Wonderful product and price.,Jojo,"July 5, 2021",(14),(1)
lowes.com,https://www.lowes.com/pd/Project-Source-Project-Source-Pro-Flush-2-Piece-Single-Flush-Elongated-Chair-Height-White-1-28-GPF/1003066162,Project Source  Pro-Flush White Elongated Chair Height 2-piece WaterSense Toilet 12-in Rough-In Size (Ada Compliant),Model #MT-802PRO,$119.00,4.5,624 Customer Reviews,good toilet,4,Good flushing toilet. Great proce. Only thing crappy is the cheap seat it comes with.,bron,"February 24, 2022",(10),(0)
lowes.com,https://www.lowes.com/pd/Project-Source-Project-Source-Pro-Flush-2-Piece-Single-Flush-Elongated-Chair-Height-White-1-28-GPF/1003066162,Project Source  Pro-Flush White Elongated Chair Height 2-piece WaterSense Toilet 12-in Rough-In Size (Ada Compliant),Model #MT-802PRO,$119.00,4.5,624 Customer Reviews,One person can install alone. I did and I’m 77.,5,Easy to install. All the accessories in the box. Not expensive. Don’t waste your money on the higher priced toilets. Just replace the seat with a more efficient one.,Alex,"September 8, 2021",(22),(3)
lowes.com,https://www.lowes.com/pd/Project-Source-Project-Source-Pro-Flush-2-Piece-Single-Flush-Elongated-Chair-Height-White-1-28-GPF/1003066162,Project Source  Pro-Flush White Elongated Chair Height 2-piece WaterSense Toilet 12-in Rough-In Size (Ada Compliant),Model #MT-802PRO,$119.00,4.5,624 Customer Reviews,Great Toilet for a Great Price,5,"I bought two of these as replacements for two in my home. They are GREAT, they Flush with ""enthusiasm"". They are slightly taller than my old toilets, which I like. I highly recommend these toilets.",AngelPW,"March 9, 2021",(21),(3)
lowes.com,https://www.lowes.com/pd/Project-Source-Project-Source-Pro-Flush-2-Piece-Single-Flush-Elongated-Chair-Height-White-1-28-GPF/1003066162,Project Source  Pro-Flush White Elongated Chair Height 2-piece WaterSense Toilet 12-in Rough-In Size (Ada Compliant),Model #MT-802PRO,$119.00,4.5,624 Customer Reviews,Check the toilet before you leave the store,1,It was broken when we got it. Lowes won’t let you return it either,Jacob Hussa,"September 9, 2022",(10),(0)
lowes.com,https://www.lowes.com/pd/Project-Source-Project-Source-Pro-Flush-2-Piece-Single-Flush-Elongated-Chair-Height-White-1-28-GPF/1003066162,Project Source  Pro-Flush White Elongated Chair Height 2-piece WaterSense Toilet 12-in Rough-In Size (Ada Compliant),Model #MT-802PRO,$119.00,4.5,624 Customer Reviews,EXCELLENT,5,"I’ve been a landlord for 35 yrs. I just installed this toilet in under TEN MINUTES! Great, considering thus happened at yhe end of a 14 hr day...",belovedroofer,"May 5, 2021",(14),(1)
lowes.com,https://www.lowes.com/pd/Project-Source-Project-Source-Pro-Flush-2-Piece-Single-Flush-Elongated-Chair-Height-White-1-28-GPF/1003066162,Project Source  Pro-Flush White Elongated Chair Height 2-piece WaterSense Toilet 12-in Rough-In Size (Ada Compliant),Model #MT-802PRO,$119.00,4.5,624 Customer Reviews,Can't go wrong!,5,"This toilet, for the price, is FANTASTIC! It's heavier than the one I replaced. It uses minimal water. I think it would flush golf balls, but I'm on a septic tank and wouldn't try that. With my military discount, it was under $100 out the door, including tax.",Arky,"July 6, 2021",(18),(3)
lowes.com,https://www.lowes.com/pd/Project-Source-Project-Source-Pro-Flush-2-Piece-Single-Flush-Elongated-Chair-Height-White-1-28-GPF/1003066162,Project Source  Pro-Flush White Elongated Chair Height 2-piece WaterSense Toilet 12-in Rough-In Size (Ada Compliant),Model #MT-802PRO,$119.00,4.5,624 Customer Reviews,Chair Height toilet,5,"I went to buy an Aquasource Henshaw but it's been discontinued & despite inventory showing several in the local stores no one could find them. This is the replacement, very similar in size & function. I didn't use the plastic seat that comes with the toilet, like the Church seats Lowes sells much better. The box that contains the wax seal also has the floor mounting hardware parts AA & BB but not CC & DD, those are in the bubble wrap bag with the toilet seat making them easy to miss if you ar...",Jack,"August 26, 2021",(6),(2)
lowes.com,https://www.lowes.com/pd/Project-Source-Project-Source-Pro-Flush-2-Piece-Single-Flush-Elongated-Chair-Height-White-1-28-GPF/1003066162,Project Source  Pro-Flush White Elongated Chair Height 2-piece WaterSense Toilet 12-in Rough-In Size (Ada Compliant),Model #MT-802PRO,$119.00,4.5,624 Customer Reviews,Love the height,5,"The bathrooms in our house had the old fashion low toilets. We are doing new flooring in our home and decided to replace the 2 toilets and the guest bath vanity and light. It's amazing how spending under $300. we have 1 bathroom that looks like it's brand new and the other has a nice tall new toilet. The height makes a lot of difference when you get older or are tall. So much more comfortable. We didn't want a lot of bells and whistles, just the basics but taller. Great choice.",Gardenwitch,"April 12, 2021",(14),(6)
lowes.com,https://www.lowes.com/pd/Project-Source-Project-Source-Pro-Flush-2-Piece-Single-Flush-Elongated-Chair-Height-White-1-28-GPF/1003066162,Project Source  Pro-Flush White Elongated Chair Height 2-piece WaterSense Toilet 12-in Rough-In Size (Ada Compliant),Model #MT-802PRO,$119.00,4.5,624 Customer Reviews,Buy this not the expensive ones,4,"The fact that it was less than 100 bucks was a huge plus! Who the heck needs to spend so much on something that does this one thing? It was super easy to install, and the fact that it is chair height is great. Looking at the more expensive toilets this one uses the same amount of water . I just wish I would have remembered that I need a longer hose in the back since it is chair height",NeeNee,"October 1, 2021",(11),(2)
lowes.com,https://www.lowes.com/pd/Project-Source-Project-Source-Pro-Flush-2-Piece-Single-Flush-Elongated-Chair-Height-White-1-28-GPF/1003066162,Project Source  Pro-Flush White Elongated Chair Height 2-piece WaterSense Toilet 12-in Rough-In Size (Ada Compliant),Model #MT-802PRO,$119.00,4.5,624 Customer Reviews,high quality toilet,5,"The toilet and inner workings are beautiful and top quality. The included seat is cheap and flimsy, but at the price you can get whatever nice seat you want and still save money. Great buy and totally recommend.",larrybob,"January 1, 2022",(12),(1)
lowes.com,https://www.lowes.com/pd/Project-Source-Project-Source-Pro-Flush-2-Piece-Single-Flush-Elongated-Chair-Height-White-1-28-GPF/1003066162,Project Source  Pro-Flush White Elongated Chair Height 2-piece WaterSense Toilet 12-in Rough-In Size (Ada Compliant),Model #MT-802PRO,$119.00,4.5,624 Customer Reviews,Ease of installation,5,Great packaging and all items needed for installation were included.,TheRobe,"January 27, 2021",(14),(1)
lowes.com,https://www.lowes.com/pd/Project-Source-Project-Source-Pro-Flush-2-Piece-Single-Flush-Elongated-Chair-Height-White-1-28-GPF/1003066162,Project Source  Pro-Flush White Elongated Chair Height 2-piece WaterSense Toilet 12-in Rough-In Size (Ada Compliant),Model #MT-802PRO,$119.00,4.5,624 Customer Reviews,Basic functional,5,"Plain, complete, easy assembly, reasonable price, functional.",Timothy,"March 8, 2022",(9),(0)
lowes.com,https://www.lowes.com/pd/Project-Source-Project-Source-Pro-Flush-2-Piece-Single-Flush-Elongated-Chair-Height-White-1-28-GPF/1003066162,Project Source  Pro-Flush White Elongated Chair Height 2-piece WaterSense Toilet 12-in Rough-In Size (Ada Compliant),Model #MT-802PRO,$119.00,4.5,624 Customer Reviews,Good part.,4,"The only thing I have to complain about is the seat cover, is made with plastic vey thin and bends when i sit on it. I would advise to get a much strong one made of wood. Justin & Rita D.",Dupe,"September 18, 2021",(12),(1)
lowes.com,https://www.lowes.com/pd/Project-Source-Project-Source-Pro-Flush-2-Piece-Single-Flush-Elongated-Chair-Height-White-1-28-GPF/1003066162,Project Source  Pro-Flush White Elongated Chair Height 2-piece WaterSense Toilet 12-in Rough-In Size (Ada Compliant),Model #MT-802PRO,$119.00,4.5,624 Customer Reviews,Don’t let the price fool you.,5,Cheaper than others that were similar; works great,LaLa,"January 20, 2022",(9),(0)
lowes.com,https://www.lowes.com/pd/Project-Source-Project-Source-Pro-Flush-2-Piece-Single-Flush-Elongated-Chair-Height-White-1-28-GPF/1003066162,Project Source  Pro-Flush White Elongated Chair Height 2-piece WaterSense Toilet 12-in Rough-In Size (Ada Compliant),Model #MT-802PRO,$119.00,4.5,624 Customer Reviews,Definitely worth the money,5,Replaced and OLD toilet with this one and it was great! I love how easy it flushes and that it doesn’t use a whole lot of water like the old one.,Kephart1069,"December 13, 2021",(8),(0)
lowes.com,https://www.lowes.com/pd/Project-Source-Project-Source-Pro-Flush-2-Piece-Single-Flush-Elongated-Chair-Height-White-1-28-GPF/1003066162,Project Source  Pro-Flush White Elongated Chair Height 2-piece WaterSense Toilet 12-in Rough-In Size (Ada Compliant),Model #MT-802PRO,$119.00,4.5,624 Customer Reviews,Not great,2,"I purchased two of these toilets and installed them. Once they were installed, we quickly diacovered they didnt flush everything down as expected. After opening the lid, I discovered that the flap drops too quickly and the valve is so high that very little water actually is involved in the flush. Rather than remove the toilets and argue with lowes for a retuen, i purchased the fluidmaster 3” valve kit for $16.98. The swap is relatively simple and only requires removing the bolts holding the ta...",mpwebster,"September 9, 2021",(12),(11)
lowes.com,https://www.lowes.com/pd/Project-Source-Project-Source-Pro-Flush-2-Piece-Single-Flush-Elongated-Chair-Height-White-1-28-GPF/1003066162,Project Source  Pro-Flush White Elongated Chair Height 2-piece WaterSense Toilet 12-in Rough-In Size (Ada Compliant),Model #MT-802PRO,$119.00,4.5,624 Customer Reviews,Good purchase-recommended,5,"I like everything about this toilet, even the price",Pattyc1,"December 4, 2021",(8),(0)
lowes.com,https://www.lowes.com/pd/Project-Source-Project-Source-Pro-Flush-2-Piece-Single-Flush-Elongated-Chair-Height-White-1-28-GPF/1003066162,Project Source  Pro-Flush White Elongated Chair Height 2-piece WaterSense Toilet 12-in Rough-In Size (Ada Compliant),Model #MT-802PRO,$119.00,4.5,624 Customer Reviews,factory defective toilet.,1,"bought 2 in a row, both defectives, toilet seat leak internally and dont hold water level . don recommend.",luisdp,"July 15, 2022",(7),(0)
lowes.com,https://www.lowes.com/pd/Project-Source-Project-Source-Pro-Flush-2-Piece-Single-Flush-Elongated-Chair-Height-White-1-28-GPF/1003066162,Project Source  Pro-Flush White Elongated Chair Height 2-piece WaterSense Toilet 12-in Rough-In Size (Ada Compliant),Model #MT-802PRO,$119.00,4.5,624 Customer Reviews,Great toilet if all you do is pee,1,"Builder grade crap, literally. Usually takes two flushes as the flushing power is so poor, even for the ladies after a #1, as it often times can't manage to get the tp down. And, if you #2, be sure you have a brush handy as it sticks like glue (sorry to be graphic). They were installed in our new house. Four months later we're replacing them. It might make a decent planter. But, as a toilet, it's horrible. There is a reason why the price is so low. Pro Flow No Go!",JB55,"April 23, 2021",(25),(18)
lowes.com,https://www.lowes.com/pd/Project-Source-Project-Source-Pro-Flush-2-Piece-Single-Flush-Elongated-Chair-Height-White-1-28-GPF/1003066162,Project Source  Pro-Flush White Elongated Chair Height 2-piece WaterSense Toilet 12-in Rough-In Size (Ada Compliant),Model #MT-802PRO,$119.00,4.5,624 Customer Reviews,great product for the price,5,its higher up and easier to stand up since I have bad knees and it works like a charm,Terry j,"June 26, 2021",(11),(1)
lowes.com,https://www.lowes.com/pd/Project-Source-Project-Source-Pro-Flush-2-Piece-Single-Flush-Elongated-Chair-Height-White-1-28-GPF/1003066162,Project Source  Pro-Flush White Elongated Chair Height 2-piece WaterSense Toilet 12-in Rough-In Size (Ada Compliant),Model #MT-802PRO,$119.00,4.5,624 Customer Reviews,Great product!,5,Great product! Our older or disabled residents especially appreciate that it sits up higher than a standard toilet making it easier to get on and off of. Great price point compared to like products available.,SHicks,"December 7, 2021",(6),(0)
lowes.com,https://www.lowes.com/pd/Project-Source-Project-Source-Pro-Flush-2-Piece-Single-Flush-Elongated-Chair-Height-White-1-28-GPF/1003066162,Project Source  Pro-Flush White Elongated Chair Height 2-piece WaterSense Toilet 12-in Rough-In Size (Ada Compliant),Model #MT-802PRO,$119.00,4.5,624 Customer Reviews,Better packaging,1,I drove around trip 50 plus mile to purchase 3 comodes and 2 had broken base. I then had to replaced them at my local lowes store and had to buy the 119 dollars ones.,Jake or tony,"June 27, 2022",(6),(0)
lowes.com,https://www.lowes.com/pd/Project-Source-Project-Source-Pro-Flush-2-Piece-Single-Flush-Elongated-Chair-Height-White-1-28-GPF/1003066162,Project Source  Pro-Flush White Elongated Chair Height 2-piece WaterSense Toilet 12-in Rough-In Size (Ada Compliant),Model #MT-802PRO,$119.00,4.5,624 Customer Reviews,Toilet damage,1,"Product was broken upon arrival. The delivery drivers didnt even get it off tge truck. The box was all smashed up, tgey ooened it and found the problem. Not sure why they would put this on the truck without checking it when there was obvious damage to tge box when loaded.",Patti,"August 29, 2022",(5),(0)
lowes.com,https://www.lowes.com/pd/Project-Source-Project-Source-Pro-Flush-2-Piece-Single-Flush-Elongated-Chair-Height-White-1-28-GPF/1003066162,Project Source  Pro-Flush White Elongated Chair Height 2-piece WaterSense Toilet 12-in Rough-In Size (Ada Compliant),Model #MT-802PRO,$119.00,4.5,624 Customer Reviews,Stop complaining about the toilet seat. Seriously.,5,"Easy transaction, painless install. Everything works like it should. For those of you complaining about the toilet seat and how chincy it is, you bought the cheapest toilet available at Lowe's. Go use the money you saved and buy yourself a frou frou toilet seat of your liking. You get what you pay for. It flushes both numbers just as it should.",Salt,"December 31, 2021",(9),(2)
lowes.com,https://www.lowes.com/pd/Project-Source-Project-Source-Pro-Flush-2-Piece-Single-Flush-Elongated-Chair-Height-White-1-28-GPF/1003066162,Project Source  Pro-Flush White Elongated Chair Height 2-piece WaterSense Toilet 12-in Rough-In Size (Ada Compliant),Model #MT-802PRO,$119.00,4.5,624 Customer Reviews,Great product - good color selection.,5,"great product. installation was easy and works perfectly. We needed an off white color, and the color was PERFECT.",Dande,"March 21, 2022",(6),(0)
lowes.com,https://www.lowes.com/pd/Project-Source-Project-Source-Pro-Flush-2-Piece-Single-Flush-Elongated-Chair-Height-White-1-28-GPF/1003066162,Project Source  Pro-Flush White Elongated Chair Height 2-piece WaterSense Toilet 12-in Rough-In Size (Ada Compliant),Model #MT-802PRO,$119.00,4.5,624 Customer Reviews,Looks good. We'll see how it holds up.,3,Install was easy and looks as good. as a $300 toilet. I bought it for a rental property so we'll see how it holds up,Clayboy64,"May 2, 2022",(6),(0)
lowes.com,https://www.lowes.com/pd/Project-Source-Project-Source-Pro-Flush-2-Piece-Single-Flush-Elongated-Chair-Height-White-1-28-GPF/1003066162,Project Source  Pro-Flush White Elongated Chair Height 2-piece WaterSense Toilet 12-in Rough-In Size (Ada Compliant),Model #MT-802PRO,$119.00,4.5,624 Customer Reviews,,1,"Inside already needs replacement, after less than 3 months of being installed. Water continuously runs.",Lisa,"July 30, 2022",(6),(0)
lowes.com,https://www.lowes.com/pd/Project-Source-Project-Source-Pro-Flush-2-Piece-Single-Flush-Elongated-Chair-Height-White-1-28-GPF/1003066162,Project Source  Pro-Flush White Elongated Chair Height 2-piece WaterSense Toilet 12-in Rough-In Size (Ada Compliant),Model #MT-802PRO,$119.00,4.5,624 Customer Reviews,"Inexpensive, works good",4,"Replaced my toilet with this item. Easy install. The only thing I do not like it the way the tank fits on it is not the most secure feeling. The warranty card stated limited lifetime, but time will tell. At least the base is pretty stout",Gendo,"January 18, 2021",(15),(4)
lowes.com,https://www.lowes.com/pd/Project-Source-Project-Source-Pro-Flush-2-Piece-Single-Flush-Elongated-Chair-Height-White-1-28-GPF/1003066162,Project Source  Pro-Flush White Elongated Chair Height 2-piece WaterSense Toilet 12-in Rough-In Size (Ada Compliant),Model #MT-802PRO,$119.00,4.5,624 Customer Reviews,Great toliet,5,The price is great and it is chair height and flushes well. What more can you ask for,Victor,"February 5, 2022",(6),(0)
lowes.com,https://www.lowes.com/pd/Project-Source-Project-Source-Pro-Flush-2-Piece-Single-Flush-Elongated-Chair-Height-White-1-28-GPF/1003066162,Project Source  Pro-Flush White Elongated Chair Height 2-piece WaterSense Toilet 12-in Rough-In Size (Ada Compliant),Model #MT-802PRO,$119.00,4.5,624 Customer Reviews,Best Toilet,5,Best flushing toilet I have ever purchased. Easy to Install. Great Price!,Pacer,"December 13, 2021",(6),(0)
lowes.com,https://www.lowes.com/pd/Project-Source-Project-Source-Pro-Flush-2-Piece-Single-Flush-Elongated-Chair-Height-White-1-28-GPF/1003066162,Project Source  Pro-Flush White Elongated Chair Height 2-piece WaterSense Toilet 12-in Rough-In Size (Ada Compliant),Model #MT-802PRO,$119.00,4.5,624 Customer Reviews,Love the old fashion flush.,5,Love the old fashion flush. Easier and cheaper to clean and maintain,A Jewel,"December 24, 2021",(6),(0)
lowes.com,https://www.lowes.com/pd/Project-Source-Project-Source-Pro-Flush-2-Piece-Single-Flush-Elongated-Chair-Height-White-1-28-GPF/1003066162,Project Source  Pro-Flush White Elongated Chair Height 2-piece WaterSense Toilet 12-in Rough-In Size (Ada Compliant),Model #MT-802PRO,$119.00,4.5,624 Customer Reviews,Great Value for Flush Power,5,Great value for a solid product with flush power! Impressed!,Mvtampa,"February 11, 2022",(6),(0)
lowes.com,https://www.lowes.com/pd/Project-Source-Project-Source-Pro-Flush-2-Piece-Single-Flush-Elongated-Chair-Height-White-1-28-GPF/1003066162,Project Source  Pro-Flush White Elongated Chair Height 2-piece WaterSense Toilet 12-in Rough-In Size (Ada Compliant),Model #MT-802PRO,$119.00,4.5,624 Customer Reviews,Came with plastic bolts,5,Came with plastic bolts we replaced with standard bolts,Senior Living Facility,"November 29, 2021",(6),(0)
lowes.com,https://www.lowes.com/pd/Project-Source-Project-Source-Pro-Flush-2-Piece-Single-Flush-Elongated-Chair-Height-White-1-28-GPF/1003066162,Project Source  Pro-Flush White Elongated Chair Height 2-piece WaterSense Toilet 12-in Rough-In Size (Ada Compliant),Model #MT-802PRO,$119.00,4.5,624 Customer Reviews,The toilet seat in the box does not fit rim well,4,"I was looking for the handicap height toilet. The boxes were marked chair height and standard height. I asked an employee who was not very knowledgeable and in too big of a hurry to help. Even though the chair height one I purchased is taller than the standard height, it is not the handicap height",kt82,"November 5, 2021",(7),(1)
lowes.com,https://www.lowes.com/pd/Project-Source-Project-Source-Pro-Flush-2-Piece-Single-Flush-Elongated-Chair-Height-White-1-28-GPF/1003066162,Project Source  Pro-Flush White Elongated Chair Height 2-piece WaterSense Toilet 12-in Rough-In Size (Ada Compliant),Model #MT-802PRO,$119.00,4.5,624 Customer Reviews,So far so good!,5,"Since you don't buy a toilet often, I did a lot of research. I found this brand got excellent reviews, and so far I agree. I haven't had it long so this is what I think. It is sleek looking and has a powerful flush, which is great! The seat is plastic but nice looking. The plumber liked it. I think I made a wise choice!",Daylily14,"December 10, 2021",(6),(1)
lowes.com,https://www.lowes.com/pd/Project-Source-Project-Source-Pro-Flush-2-Piece-Single-Flush-Elongated-Chair-Height-White-1-28-GPF/1003066162,Project Source  Pro-Flush White Elongated Chair Height 2-piece WaterSense Toilet 12-in Rough-In Size (Ada Compliant),Model #MT-802PRO,$119.00,4.5,624 Customer Reviews,U can't go wrong with this toilet,5,"I really love my new toilet , water save , powerful flash, the looks its wonderful",Fyahmanstan,"March 22, 2022",(5),(0)
lowes.com,https://www.lowes.com/pd/Project-Source-Project-Source-Pro-Flush-2-Piece-Single-Flush-Elongated-Chair-Height-White-1-28-GPF/1003066162,Project Source  Pro-Flush White Elongated Chair Height 2-piece WaterSense Toilet 12-in Rough-In Size (Ada Compliant),Model #MT-802PRO,$119.00,4.5,624 Customer Reviews,White toilet,5,"Easy install, works just fine. Toilet seat is a bit cheap, plan on buying one when purchasing toilet to save yourself a trip.",Arttie,"January 13, 2021",(12),(3)
lowes.com,https://www.lowes.com/pd/Project-Source-Project-Source-Pro-Flush-2-Piece-Single-Flush-Elongated-Chair-Height-White-1-28-GPF/1003066162,Project Source  Pro-Flush White Elongated Chair Height 2-piece WaterSense Toilet 12-in Rough-In Size (Ada Compliant),Model #MT-802PRO,$119.00,4.5,624 Customer Reviews,Does the job,3,"Does the job, but mediocre. Didnt come with the floor bolts or the nuts to secure them, or the caps to cover them. Had to run to the local hardware store since Lowes is so far away. Must have been packaged at the factory on a Monday…",Zack,"October 1, 2021",(12),(4)
lowes.com,https://www.lowes.com/pd/Project-Source-Project-Source-Pro-Flush-2-Piece-Single-Flush-Elongated-Chair-Height-White-1-28-GPF/1003066162,Project Source  Pro-Flush White Elongated Chair Height 2-piece WaterSense Toilet 12-in Rough-In Size (Ada Compliant),Model #MT-802PRO,$119.00,4.5,624 Customer Reviews,Everything yoy need is in the box.,5,"Just what I needed and it was in stock, which got me out of a bind.",Johndlcla,"July 5, 2021",(10),(2)
lowes.com,https://www.lowes.com/pd/Project-Source-Project-Source-Pro-Flush-2-Piece-Single-Flush-Elongated-Chair-Height-White-1-28-GPF/1003066162,Project Source  Pro-Flush White Elongated Chair Height 2-piece WaterSense Toilet 12-in Rough-In Size (Ada Compliant),Model #MT-802PRO,$119.00,4.5,624 Customer Reviews,Solid toilet for the price. Smaller than standard.,4,"It's a solid toilet. Way better then the store-brand ones that were in my house from the Orange Box store. It is smaller than your regular toilet. Only complaint was that some of the toilet bolts and nuts seemed to be missing, nothing that $1 at Ace couldn't fix.",DadBod,"June 21, 2021",(8),(2)
lowes.com,https://www.lowes.com/pd/Project-Source-Project-Source-Pro-Flush-2-Piece-Single-Flush-Elongated-Chair-Height-White-1-28-GPF/1003066162,Project Source  Pro-Flush White Elongated Chair Height 2-piece WaterSense Toilet 12-in Rough-In Size (Ada Compliant),Model #MT-802PRO,$119.00,4.5,624 Customer Reviews,Comfortable height and flushes well,5,"Well made, flushes very well & uses little water, comfortable height. Have bought 3 and highly recommend them.",MOD78l,"March 13, 2022",(7),(1)
lowes.com,https://www.lowes.com/pd/Project-Source-Project-Source-Pro-Flush-2-Piece-Single-Flush-Elongated-Chair-Height-White-1-28-GPF/1003066162,Project Source  Pro-Flush White Elongated Chair Height 2-piece WaterSense Toilet 12-in Rough-In Size (Ada Compliant),Model #MT-802PRO,$119.00,4.5,624 Customer Reviews,you get what you pay for.,2,the water level in the toilet is not as high as expected. sometimes I have to flush twice. if the box was not destroyed I would have returned it two days later.,Tony,"December 13, 2021",(2),(4)
lowes.com,https://www.lowes.com/pd/Project-Source-Project-Source-Pro-Flush-2-Piece-Single-Flush-Elongated-Chair-Height-White-1-28-GPF/1003066162,Project Source  Pro-Flush White Elongated Chair Height 2-piece WaterSense Toilet 12-in Rough-In Size (Ada Compliant),Model #MT-802PRO,$119.00,4.5,624 Customer Reviews,Nice Toilet,5,Excellent toilet for the guest bath. Great color and flushes large and disgusting waste products effortlessly,MMurphy,"June 24, 2022",(4),(0)
lowes.com,https://www.lowes.com/pd/Project-Source-Project-Source-Pro-Flush-2-Piece-Single-Flush-Elongated-Chair-Height-White-1-28-GPF/1003066162,Project Source  Pro-Flush White Elongated Chair Height 2-piece WaterSense Toilet 12-in Rough-In Size (Ada Compliant),Model #MT-802PRO,$119.00,4.5,624 Customer Reviews,Very good toilet,5,This was a easy install everything needed came with it. Gives a good flush. Good design and finish.,Alan,"February 4, 2022",(4),(0)
lowes.com,https://www.lowes.com/pd/Project-Source-Project-Source-Pro-Flush-2-Piece-Single-Flush-Elongated-Chair-Height-White-1-28-GPF/1003066162,Project Source  Pro-Flush White Elongated Chair Height 2-piece WaterSense Toilet 12-in Rough-In Size (Ada Compliant),Model #MT-802PRO,$119.00,4.5,624 Customer Reviews,Inexpensive but I would buy it again.,5,It was easy to install and it works fine and the price was great. I'd buy it again in a heartbeat.,vvcougar71,"April 21, 2022",(4),(0)
lowes.com,https://www.lowes.com/pd/Project-Source-Project-Source-Pro-Flush-2-Piece-Single-Flush-Elongated-Chair-Height-White-1-28-GPF/1003066162,Project Source  Pro-Flush White Elongated Chair Height 2-piece WaterSense Toilet 12-in Rough-In Size (Ada Compliant),Model #MT-802PRO,$119.00,4.5,624 Customer Reviews,display at Lowes too high to inspect product.,2,Factory defect tank leans to left tank lid does not fit even with tank. Not satisfied.,Jerry,"June 25, 2022",(4),(0)
lowes.com,https://www.lowes.com/pd/Project-Source-Project-Source-Pro-Flush-2-Piece-Single-Flush-Elongated-Chair-Height-White-1-28-GPF/1003066162,Project Source  Pro-Flush White Elongated Chair Height 2-piece WaterSense Toilet 12-in Rough-In Size (Ada Compliant),Model #MT-802PRO,$119.00,4.5,624 Customer Reviews,Best buy!,5,"Great value & quality for the price, just as good as toilets costing twice as much",Kurt,"April 1, 2022",(4),(0)
lowes.com,https://www.lowes.com/pd/Project-Source-Project-Source-Pro-Flush-2-Piece-Single-Flush-Elongated-Chair-Height-White-1-28-GPF/1003066162,Project Source  Pro-Flush White Elongated Chair Height 2-piece WaterSense Toilet 12-in Rough-In Size (Ada Compliant),Model #MT-802PRO,$119.00,4.5,624 Customer Reviews,Perfect height,5,Chair or “comfort” height is definitely worth any additional money,Elle,"December 4, 2021",(4),(0)
lowes.com,https://www.lowes.com/pd/Project-Source-Project-Source-Pro-Flush-2-Piece-Single-Flush-Elongated-Chair-Height-White-1-28-GPF/1003066162,Project Source  Pro-Flush White Elongated Chair Height 2-piece WaterSense Toilet 12-in Rough-In Size (Ada Compliant),Model #MT-802PRO,$119.00,4.5,624 Customer Reviews,Great toilets for the price.,5,This comes as a kit with everything included except the high pressure hose. The height is perfect and not low to the floor like the old ones.,bekmk,"June 6, 2021",(6),(1)
lowes.com,https://www.lowes.com/pd/Project-Source-Project-Source-Pro-Flush-2-Piece-Single-Flush-Elongated-Chair-Height-White-1-28-GPF/1003066162,Project Source  Pro-Flush White Elongated Chair Height 2-piece WaterSense Toilet 12-in Rough-In Size (Ada Compliant),Model #MT-802PRO,$119.00,4.5,624 Customer Reviews,Great value,5,"Great toilet for the price! It checks all of our boxes - chair height, elongated, water efficient. So far, the flushing capabilities have been fully sufficient :) We were even able to cover the cost with a rebate from our water service for upgrading to more efficient water use.",Mindy B,"January 25, 2022",(5),(1)
lowes.com,https://www.lowes.com/pd/Project-Source-Project-Source-Pro-Flush-2-Piece-Single-Flush-Elongated-Chair-Height-White-1-28-GPF/1003066162,Project Source  Pro-Flush White Elongated Chair Height 2-piece WaterSense Toilet 12-in Rough-In Size (Ada Compliant),Model #MT-802PRO,$119.00,4.5,624 Customer Reviews,Fantastic Buy,5,"My son had one of these toilets and I liked it so much I ordered one for our home. Our original one was short and round, used a lot of water to flush and still didn't do that great. This Project source toilet is a little taller, and flushes like a power flusher using very little water to do so. Itt seems to me it only uses approx. a half a gallon. The elongated shape seems to be more comfortable to set on. It was super easy to install and it only took about 10 minutes. It has everything you need...",jojimbe,"October 28, 2022",(0),(0)
lowes.com,https://www.lowes.com/pd/Project-Source-Project-Source-Pro-Flush-2-Piece-Single-Flush-Elongated-Chair-Height-White-1-28-GPF/1003066162,Project Source  Pro-Flush White Elongated Chair Height 2-piece WaterSense Toilet 12-in Rough-In Size (Ada Compliant),Model #MT-802PRO,$119.00,4.5,624 Customer Reviews,Great!!,5,This purchase is a great value and works well. It is high enough that my mom can get up.and down easily.,Jmsmall,"December 15, 2020",(12),(5)
lowes.com,https://www.lowes.com/pd/Project-Source-Project-Source-Pro-Flush-2-Piece-Single-Flush-Elongated-Chair-Height-White-1-28-GPF/1003066162,Project Source  Pro-Flush White Elongated Chair Height 2-piece WaterSense Toilet 12-in Rough-In Size (Ada Compliant),Model #MT-802PRO,$119.00,4.5,624 Customer Reviews,Good product,5,"Looks good, actually, does not have that cheap bathroom vibe. The seat is decent too. No problems with installation. For the price i definitely recommend",liza_bam,"March 16, 2022",(7),(2)
lowes.com,https://www.lowes.com/pd/Project-Source-Project-Source-Pro-Flush-2-Piece-Single-Flush-Elongated-Chair-Height-White-1-28-GPF/1003066162,Project Source  Pro-Flush White Elongated Chair Height 2-piece WaterSense Toilet 12-in Rough-In Size (Ada Compliant),Model #MT-802PRO,$119.00,4.5,624 Customer Reviews,Great for the money!,5,"Have replaced three old style short toilets with $250 American Standard toilets. They work great and are very easy to keep clean. Have an upstairs guest toilet that also needed replacement. Saw this toilet for $99 and thought would give it a try. Much to my surprise it looks good and performs well. I’m not sure it will be as easy to keep clean since the finish doesn’t seem as nice, but for $99 it seems just fine!",GuyP,"December 24, 2021",(3),(1)
lowes.com,https://www.lowes.com/pd/Project-Source-Project-Source-Pro-Flush-2-Piece-Single-Flush-Elongated-Chair-Height-White-1-28-GPF/1003066162,Project Source  Pro-Flush White Elongated Chair Height 2-piece WaterSense Toilet 12-in Rough-In Size (Ada Compliant),Model #MT-802PRO,$119.00,4.5,624 Customer Reviews,Everything that could go wrong,1,"Ordered two toilets, both arrived broken. Tracking said they arrived together. In reality one arrived the day following the first delivery. I don't know if the breakage was because the product is cheaply made or just poor delivery service. The burden of the return was left to me. No genuine acknowledgement of the inconvenience. Decided to do business elsewhere.",Will Shopelsewhere,"June 2, 2022",(2),(0)
lowes.com,https://www.lowes.com/pd/Project-Source-Project-Source-Pro-Flush-2-Piece-Single-Flush-Elongated-Chair-Height-White-1-28-GPF/1003066162,Project Source  Pro-Flush White Elongated Chair Height 2-piece WaterSense Toilet 12-in Rough-In Size (Ada Compliant),Model #MT-802PRO,$119.00,4.5,624 Customer Reviews,Fantastic buy,5,"Easy to install, well made, looks great in the bathroom; love it! Only thing I don't like is tgat the lid is not a slow close",Texokie,"July 31, 2022",(3),(0)
lowes.com,https://www.lowes.com/pd/Project-Source-Project-Source-Pro-Flush-2-Piece-Single-Flush-Elongated-Chair-Height-White-1-28-GPF/1003066162,Project Source  Pro-Flush White Elongated Chair Height 2-piece WaterSense Toilet 12-in Rough-In Size (Ada Compliant),Model #MT-802PRO,$119.00,4.5,624 Customer Reviews,No lid. On backorder for months,1,Who knowingly packages and sells a toliet without a lid? It's been 5 months now and still on backorder. Shame on you!,Geez,"July 13, 2022",(3),(0)
lowes.com,https://www.lowes.com/pd/Project-Source-Project-Source-Pro-Flush-2-Piece-Single-Flush-Elongated-Chair-Height-White-1-28-GPF/1003066162,Project Source  Pro-Flush White Elongated Chair Height 2-piece WaterSense Toilet 12-in Rough-In Size (Ada Compliant),Model #MT-802PRO,$119.00,4.5,624 Customer Reviews,Required Parts missing,1,Required Parts missing. Asked Lowe’s about it and they gave parts that don’t fit it. Over all worst experience.,Sharath,"July 26, 2022",(3),(0)
lowes.com,https://www.lowes.com/pd/Project-Source-Project-Source-Pro-Flush-2-Piece-Single-Flush-Elongated-Chair-Height-White-1-28-GPF/1003066162,Project Source  Pro-Flush White Elongated Chair Height 2-piece WaterSense Toilet 12-in Rough-In Size (Ada Compliant),Model #MT-802PRO,$119.00,4.5,624 Customer Reviews,keeps running,3,The toilet flushes fine except it sometimes will not stop running. We have a holding tank and it is expensive to pump out.,CJH1,"September 4, 2021",(8),(3)
lowes.com,https://www.lowes.com/pd/Project-Source-Project-Source-Pro-Flush-2-Piece-Single-Flush-Elongated-Chair-Height-White-1-28-GPF/1003066162,Project Source  Pro-Flush White Elongated Chair Height 2-piece WaterSense Toilet 12-in Rough-In Size (Ada Compliant),Model #MT-802PRO,$119.00,4.5,624 Customer Reviews,Comfort,5,It's very comfortable to sit on very little effort to get on and off it.,Arnold,"December 21, 2021",(3),(0)
lowes.com,https://www.lowes.com/pd/Project-Source-Project-Source-Pro-Flush-2-Piece-Single-Flush-Elongated-Chair-Height-White-1-28-GPF/1003066162,Project Source  Pro-Flush White Elongated Chair Height 2-piece WaterSense Toilet 12-in Rough-In Size (Ada Compliant),Model #MT-802PRO,$119.00,4.5,624 Customer Reviews,Toilet,5,"Nice toilet, inexpensive and chair height. It’s very easy to install.",Bruno,"September 9, 2022",(3),(0)
lowes.com,https://www.lowes.com/pd/Project-Source-Project-Source-Pro-Flush-2-Piece-Single-Flush-Elongated-Chair-Height-White-1-28-GPF/1003066162,Project Source  Pro-Flush White Elongated Chair Height 2-piece WaterSense Toilet 12-in Rough-In Size (Ada Compliant),Model #MT-802PRO,$119.00,4.5,624 Customer Reviews,Great value,5,Came with everything neede for instalation. Wworks perfectn,Mikey,"August 6, 2022",(3),(0)
lowes.com,https://www.lowes.com/pd/Project-Source-Project-Source-Pro-Flush-2-Piece-Single-Flush-Elongated-Chair-Height-White-1-28-GPF/1003066162,Project Source  Pro-Flush White Elongated Chair Height 2-piece WaterSense Toilet 12-in Rough-In Size (Ada Compliant),Model #MT-802PRO,$119.00,4.5,624 Customer Reviews,Good Quality Toilet,5,I bought two of these toilets and we are very pleased with them.,Jones Clan,"November 29, 2021",(5),(1)
lowes.com,https://www.lowes.com/pd/Project-Source-Project-Source-Pro-Flush-2-Piece-Single-Flush-Elongated-Chair-Height-White-1-28-GPF/1003066162,Project Source  Pro-Flush White Elongated Chair Height 2-piece WaterSense Toilet 12-in Rough-In Size (Ada Compliant),Model #MT-802PRO,$119.00,4.5,624 Customer Reviews,Great price!,5,Great product for great price! I have been pleased!,EMan,"July 2, 2022",(3),(0)
