Market_place,URL,Product_name,SKU,Price,Currency,Subject,Author,Date,Review,Stars,like,dislike
lowes.com,https://www.lowes.com/pd/American-Standard-Colony-White-Elongated-Standard-Height-2-Piece-Toilet-12-in-Rough-In-Size/50280511,American Standard  Colony White Elongated Standard Height 2-piece Toilet 12-in Rough-In Size,Model #221CA004.020,254.0,USD,Never again!,decoyjan,"March 25, 2017","Thought I would like a low consumption toilet at 1.6 gallons of water. Should save water, right? Here's what they don't tell you: If you just flush the toilet like normal not everything will go down the drain (even if you only used one small length of toilet paper). So then you have to flush 2x to make it go away. No savings there! What I found was you have to stand there and hold the handle down until everything goes the drain - it's like you are using an old finicky toilet from the 50's. This is the first time in about 30 years I did not own a Kohler brand toilet and I can say - I will never buy another toilet if it isn't a Kohler.",1,37,12
lowes.com,https://www.lowes.com/pd/American-Standard-Colony-White-Elongated-Standard-Height-2-Piece-Toilet-12-in-Rough-In-Size/50280511,American Standard  Colony White Elongated Standard Height 2-piece Toilet 12-in Rough-In Size,Model #221CA004.020,254.0,USD,Spend the money...,Ray,"February 19, 2017","As far as how they function? They are fine. They offer a good flush and the tank fills fast. That being said, keeping the bowl clean after 'doing your business"" (#2) is not easy. The water line isn't high enough to catch what you're leaving, if you know what I mean. PLUS! I just came home after having these things for almost a year and the tank cracked. I have no idea how this happened but it cracked from the top. I'm about to contact American Standard to see if they'll replace it.",3,64,9
lowes.com,https://www.lowes.com/pd/American-Standard-Colony-White-Elongated-Standard-Height-2-Piece-Toilet-12-in-Rough-In-Size/50280511,American Standard  Colony White Elongated Standard Height 2-piece Toilet 12-in Rough-In Size,Model #221CA004.020,254.0,USD,Think Twice before you purchase American Standard!,luci,"August 14, 2015","I always linked the variance in price to looks, features, etc., but never did I think it would affect performance. I purposely chose the 1.6 over the water saving 1.28 because I heard multiple flushes were often and more likely needed with them. Surprisingly, this 1.6 has a like problem but, I don't believe it is due to the lack of water. On the contrary, more to do with the design of the flow. When flushing the water doesn't much swirl around to do what you can envision it needs to do at times. Rather, it just drops down and out with the minimal flow experienced being the start of the refill. Disappointingly, I have to flush multiple times as I feared I would have to do with the 1.28gpf and even with multiple flushes, I have to resort to the brush because, as I stated previously, the water doesn't get to all of the bowl surface. Is this unique to American Standard? Possibly. They all have their design. Would it be unique to the price? It's not a budget toilet by far, those $96 specials. So, I don't know. I only know what I am experiencing and want to share this experience with you. Now, I know some of you have your mind in the toilet. So keep it to yourself! I reserve the right to add an image or video in the future. lol. I""m trying to make the best of a bad situation so, don't let my humor deter you from the facts I pointed out. You'll be wasting your money and time to this ill designed waste disposal system. Good luck!",1,110,12
lowes.com,https://www.lowes.com/pd/American-Standard-Colony-White-Elongated-Standard-Height-2-Piece-Toilet-12-in-Rough-In-Size/50280511,American Standard  Colony White Elongated Standard Height 2-piece Toilet 12-in Rough-In Size,Model #221CA004.020,254.0,USD,Finally!,Brett,"December 28, 2018","I ordered this toilet 3 times from Home Depot. All three times the toilet came in broken! Then the Home Depot said they was out of stock! So I ordered it through Lowes. I noticed when it came in that it was double boxed and packaged with foam in between. Maybe American Standard finally learned how to ship a toilet properly through UPS. Now that it is finally installed I can honestly say this is a great toilet. I don't know why it is so hard to find an elongated bowl with the standard height, but it is. That is why I ordered this. I am very happy now, finally.",5,6,3
lowes.com,https://www.lowes.com/pd/American-Standard-Colony-White-Elongated-Standard-Height-2-Piece-Toilet-12-in-Rough-In-Size/50280511,American Standard  Colony White Elongated Standard Height 2-piece Toilet 12-in Rough-In Size,Model #221CA004.020,254.0,USD,I like the height,Malcom,"March 21, 2018","This is one of the cheapest toilet with standard height (I don't like chair height). The flush power is a little weak... time to time there's occasion that I have to flush twice. Other than that, it's o.k.",4,21,4
lowes.com,https://www.lowes.com/pd/American-Standard-Colony-White-Elongated-Standard-Height-2-Piece-Toilet-12-in-Rough-In-Size/50280511,American Standard  Colony White Elongated Standard Height 2-piece Toilet 12-in Rough-In Size,Model #221CA004.020,254.0,USD,small capacity,Craig,"December 29, 2017",Many times it takes multiple flushes to remove contents.,2,13,2
lowes.com,https://www.lowes.com/pd/American-Standard-Colony-White-Elongated-Standard-Height-2-Piece-Toilet-12-in-Rough-In-Size/50280511,American Standard  Colony White Elongated Standard Height 2-piece Toilet 12-in Rough-In Size,Model #221CA004.020,254.0,USD,Just What I Needed,Dandy,"March 26, 2017","Purchased two of these toilets in linen color. Perfect match for our other bathroom fixtures. Installation was a breeze and they do just what you expect from a toilet... flush well. Just what I needed, and on sale they were a great value too!",5,14,4
lowes.com,https://www.lowes.com/pd/American-Standard-Colony-White-Elongated-Standard-Height-2-Piece-Toilet-12-in-Rough-In-Size/50280511,American Standard  Colony White Elongated Standard Height 2-piece Toilet 12-in Rough-In Size,Model #221CA004.020,254.0,USD,Great toilet at a great price,TLJ,"June 28, 2017","Replaced a toilet that had to be plunged every day. This toilet hasn't been plunged once in 2 months. Quiet, powerful flush.",5,13,3
lowes.com,https://www.lowes.com/pd/American-Standard-Colony-White-Elongated-Standard-Height-2-Piece-Toilet-12-in-Rough-In-Size/50280511,American Standard  Colony White Elongated Standard Height 2-piece Toilet 12-in Rough-In Size,Model #221CA004.020,254.0,USD,item ok,Mike,"April 22, 2016",1st one came in broken. Had to reorder took a while to get once got worked good. Flushes good,4,14,6
lowes.com,https://www.lowes.com/pd/American-Standard-Colony-White-Elongated-Standard-Height-2-Piece-Toilet-12-in-Rough-In-Size/50280511,American Standard  Colony White Elongated Standard Height 2-piece Toilet 12-in Rough-In Size,Model #221CA004.020,254.0,USD,My feet don't dangle,TW,"September 20, 2019",Wanted to upgrade my old round bowl. This was the perfect price and fit. The height is just right not the newer higher ones for people that can't stand up. With just a slight push the lever lets in enough water to flush everything unlike some models that you need to hold down to let enough water out. I'm planning to change out my other toilet that's too tall. Anyone want a used tall toilet?,5,4,4
lowes.com,https://www.lowes.com/pd/American-Standard-Colony-White-Elongated-Standard-Height-2-Piece-Toilet-12-in-Rough-In-Size/50280511,American Standard  Colony White Elongated Standard Height 2-piece Toilet 12-in Rough-In Size,Model #221CA004.020,254.0,USD,not recommended,Chris,"July 29, 2018",every time it takes multiple flushes to remove contents.,1,7,5
lowes.com,https://www.lowes.com/pd/American-Standard-Colony-White-Elongated-Standard-Height-2-Piece-Toilet-12-in-Rough-In-Size/50280511,American Standard  Colony White Elongated Standard Height 2-piece Toilet 12-in Rough-In Size,Model #221CA004.020,254.0,USD,Very nice and a good price,Shadow,"May 24, 2019","We were very pleased with this toilet. It had the features we wanted at a fair price, and the color was a perfect match for the very old one we were replacing. It's a nice height and works well; it's also much quieter than the old one. It was very well packaged to prevent damage, too. I really don't know what more anyone could ask.",5,2,1
lowes.com,https://www.lowes.com/pd/American-Standard-Colony-White-Elongated-Standard-Height-2-Piece-Toilet-12-in-Rough-In-Size/50280511,American Standard  Colony White Elongated Standard Height 2-piece Toilet 12-in Rough-In Size,Model #221CA004.020,254.0,USD,Works as Advertized,a,"February 27, 2020",I had this toilet installed a week ago and so far it works as advertised. I'm impressed that it only uses 1.6 gallons per flush and works as well as my old 3.5 gallon per flush Toilet.,5,3,2
lowes.com,https://www.lowes.com/pd/American-Standard-Colony-White-Elongated-Standard-Height-2-Piece-Toilet-12-in-Rough-In-Size/50280511,American Standard  Colony White Elongated Standard Height 2-piece Toilet 12-in Rough-In Size,Model #221CA004.020,254.0,USD,Rec'd only toilet bowl,Kath,"December 11, 2020","Description was for a 2pc toilet. We know there was not supposed to be a seat, but all we got was the toilet bowl. No tank. Husband has had three back surgeries so we didn't want to take it back as it is pretty heavy. Our local Lowe's handled the situation perfectly. We are happy Lowe's customers, but I wouldn't advise ordering a toilet.",1,1,1
lowes.com,https://www.lowes.com/pd/American-Standard-Colony-White-Elongated-Standard-Height-2-Piece-Toilet-12-in-Rough-In-Size/50280511,American Standard  Colony White Elongated Standard Height 2-piece Toilet 12-in Rough-In Size,Model #221CA004.020,254.0,USD,It works,rykerabel,"July 17, 2017",What more do you need to know other than it works just like it should.,5,4,7
lowes.com,https://www.lowes.com/pd/American-Standard-Colony-White-Elongated-Standard-Height-2-Piece-Toilet-12-in-Rough-In-Size/50280511,American Standard  Colony White Elongated Standard Height 2-piece Toilet 12-in Rough-In Size,Model #221CA004.020,254.0,USD,Worst toilet ever!,Morgan,"January 8, 2020","Spend the extra money and get one that actually flushes! The bowl is so tiny, my husband is very uncomfortable sitting on the toilet. It's perfect for my four year old.",2,3,6
lowes.com,https://www.lowes.com/pd/American-Standard-Colony-White-Elongated-Standard-Height-2-Piece-Toilet-12-in-Rough-In-Size/50280511,American Standard  Colony White Elongated Standard Height 2-piece Toilet 12-in Rough-In Size,Model #221CA004.020,254.0,USD,,Kathryn,"November 11, 2019",perfect height toilet plus elongated seat is more comfortable,4,1,1
lowes.com,https://www.lowes.com/pd/American-Standard-Colony-White-Elongated-Standard-Height-2-Piece-Toilet-12-in-Rough-In-Size/50280511,American Standard  Colony White Elongated Standard Height 2-piece Toilet 12-in Rough-In Size,Model #221CA004.020,254.0,USD,nice toilet,Mike,"June 7, 2018",first order came in broken but LOWES staff worked to reorder and rush the shipment. installed very easy. looks nice in bathroom.,4,1,2
lowes.com,https://www.lowes.com/pd/American-Standard-Colony-White-Elongated-Standard-Height-2-Piece-Toilet-12-in-Rough-In-Size/50280511,American Standard  Colony White Elongated Standard Height 2-piece Toilet 12-in Rough-In Size,Model #221CA004.020,254.0,USD,Great replacement,EDinMO,"September 21, 2020","Easy install, filled properly right out of the box with no adjustment, quick flush that cleans the bowl with little water usage. Just what we needed. When the old toilet in the other bathroom finally wears out, it will be replaced with an American Standard like this one.",5,0,2
lowes.com,https://www.lowes.com/pd/American-Standard-Colony-White-Elongated-Standard-Height-2-Piece-Toilet-12-in-Rough-In-Size/50280511,American Standard  Colony White Elongated Standard Height 2-piece Toilet 12-in Rough-In Size,Model #221CA004.020,254.0,USD,Good but not great,Bill,"February 22, 2021",Overall the toilet is what I expected and easy to install. While the toilet functions as promised the kits (unlike others we researched) did not come with a wax ring or a toilet seat. In addition one of the two units was also missing basic parts like the rubber washers.,3,0,0
lowes.com,https://www.lowes.com/pd/American-Standard-Colony-White-Elongated-Standard-Height-2-Piece-Toilet-12-in-Rough-In-Size/50280511,American Standard  Colony White Elongated Standard Height 2-piece Toilet 12-in Rough-In Size,Model #221CA004.020,254.0,USD,Broken on two orders,Joun,"August 27, 2020",Ordered this toilet twice and both times it came in broken.,1,1,3
lowes.com,https://www.lowes.com/pd/American-Standard-Colony-White-Elongated-Standard-Height-2-Piece-Toilet-12-in-Rough-In-Size/50280511,American Standard  Colony White Elongated Standard Height 2-piece Toilet 12-in Rough-In Size,Model #221CA004.020,254.0,USD,Dissappointed,booboo1,"August 5, 2021",I don't like the toilet seat. It doesn't tighten fully and the seat moves from side to side. I also don't like the slow closing lid. It needs to be made of something other than plastic.,3,0,0
lowes.com,https://www.lowes.com/pd/American-Standard-Colony-White-Elongated-Standard-Height-2-Piece-Toilet-12-in-Rough-In-Size/50280511,American Standard  Colony White Elongated Standard Height 2-piece Toilet 12-in Rough-In Size,Model #221CA004.020,254.0,USD,It's a toilet people,Bcat,"May 3, 2021","This toilet is very much the same as the one I had prior to it. The only minus is no seat is included, but I had wanted a resin seat so it didn't really matter anyway.",5,0,0
lowes.com,https://www.lowes.com/pd/American-Standard-Colony-White-Elongated-Standard-Height-2-Piece-Toilet-12-in-Rough-In-Size/50280511,American Standard  Colony White Elongated Standard Height 2-piece Toilet 12-in Rough-In Size,Model #221CA004.020,254.0,USD,A good flush certainly beats a full house.,Antiquetuck,"December 16, 2018",The earthquake caused the old tank/base interface to fail. This toilet was a good deal and replacement.,4,0,5
lowes.com,https://www.lowes.com/pd/American-Standard-Colony-White-Elongated-Standard-Height-2-Piece-Toilet-12-in-Rough-In-Size/50280511,American Standard  Colony White Elongated Standard Height 2-piece Toilet 12-in Rough-In Size,Model #221CA004.020,254.0,USD,Great fit and features,Kelly 8,"September 12, 2019",I’m so happy with my new toilet it was exactly the size and fit for my new home.,5,0,0
lowes.com,https://www.lowes.com/pd/American-Standard-Colony-White-Elongated-Standard-Height-2-Piece-Toilet-12-in-Rough-In-Size/50280511,American Standard  Colony White Elongated Standard Height 2-piece Toilet 12-in Rough-In Size,Model #221CA004.020,254.0,USD,,Jo,"May 9, 2020",,1,1,12
lowes.com,https://www.lowes.com/pd/American-Standard-Colony-White-Elongated-Standard-Height-2-Piece-Toilet-12-in-Rough-In-Size/50280511,American Standard  Colony White Elongated Standard Height 2-piece Toilet 12-in Rough-In Size,Model #221CA004.020,254.0,USD,,Frank,"November 12, 2016",,1,0,24
lowes.com,https://www.lowes.com/pd/American-Standard-Colony-White-Elongated-Standard-Height-2-Piece-Toilet-12-in-Rough-In-Size/50280511,American Standard  Colony White Elongated Standard Height 2-piece Toilet 12-in Rough-In Size,Model #221CA004.020,254.0,USD,,Pauline,"December 15, 2018",,5,0,7
lowes.com,https://www.lowes.com/pd/American-Standard-Colony-White-Elongated-Standard-Height-2-Piece-Toilet-12-in-Rough-In-Size/50280511,American Standard  Colony White Elongated Standard Height 2-piece Toilet 12-in Rough-In Size,Model #221CA004.020,254.0,USD,,Moira,"July 5, 2021",,4,0,0
lowes.com,https://www.lowes.com/pd/American-Standard-Colony-White-Elongated-Standard-Height-2-Piece-Toilet-12-in-Rough-In-Size/50280511,American Standard  Colony White Elongated Standard Height 2-piece Toilet 12-in Rough-In Size,Model #221CA004.020,254.0,USD,,Eddie,"December 26, 2018",,5,0,6
lowes.com,https://www.lowes.com/pd/American-Standard-Colony-White-Elongated-Standard-Height-2-Piece-Toilet-12-in-Rough-In-Size/50280511,American Standard  Colony White Elongated Standard Height 2-piece Toilet 12-in Rough-In Size,Model #221CA004.020,254.0,USD,,Peki,"July 28, 2022",,1,0,0
lowes.com,https://www.lowes.com/pd/American-Standard-Colony-White-Elongated-Standard-Height-2-Piece-Toilet-12-in-Rough-In-Size/50280511,American Standard  Colony White Elongated Standard Height 2-piece Toilet 12-in Rough-In Size,Model #221CA004.020,254.0,USD,,Rollie,"August 24, 2019",,5,0,2
lowes.com,https://www.lowes.com/pd/American-Standard-Colony-White-Elongated-Standard-Height-2-Piece-Toilet-12-in-Rough-In-Size/50280511,American Standard  Colony White Elongated Standard Height 2-piece Toilet 12-in Rough-In Size,Model #221CA004.020,254.0,USD,,Rich G,"May 27, 2021",,1,0,0
lowes.com,https://www.lowes.com/pd/American-Standard-Colony-White-Elongated-Standard-Height-2-Piece-Toilet-12-in-Rough-In-Size/50280511,American Standard  Colony White Elongated Standard Height 2-piece Toilet 12-in Rough-In Size,Model #221CA004.020,254.0,USD,,Phil,"May 12, 2021",,5,0,0
lowes.com,https://www.lowes.com/pd/American-Standard-Colony-White-Elongated-Standard-Height-2-Piece-Toilet-12-in-Rough-In-Size/50280511,American Standard  Colony White Elongated Standard Height 2-piece Toilet 12-in Rough-In Size,Model #221CA004.020,254.0,USD,,Keith,"April 27, 2019",,5,0,2
lowes.com,https://www.lowes.com/pd/American-Standard-Colony-White-Elongated-Standard-Height-2-Piece-Toilet-12-in-Rough-In-Size/50280511,American Standard  Colony White Elongated Standard Height 2-piece Toilet 12-in Rough-In Size,Model #221CA004.020,254.0,USD,,Matt,"December 12, 2018",,5,0,5
lowes.com,https://www.lowes.com/pd/American-Standard-Colony-White-Elongated-Standard-Height-2-Piece-Toilet-12-in-Rough-In-Size/50280511,American Standard  Colony White Elongated Standard Height 2-piece Toilet 12-in Rough-In Size,Model #221CA004.020,254.0,USD,,EB,"June 15, 2019",,3,0,7
lowes.com,https://www.lowes.com/pd/American-Standard-Colony-White-Elongated-Standard-Height-2-Piece-Toilet-12-in-Rough-In-Size/50280511,American Standard  Colony White Elongated Standard Height 2-piece Toilet 12-in Rough-In Size,Model #221CA004.020,254.0,USD,,Jack,"December 11, 2018",,4,0,3
lowes.com,https://www.lowes.com/pd/American-Standard-Colony-White-Elongated-Standard-Height-2-Piece-Toilet-12-in-Rough-In-Size/50280511,American Standard  Colony White Elongated Standard Height 2-piece Toilet 12-in Rough-In Size,Model #221CA004.020,254.0,USD,,,"July 29, 2021",,1,0,0
lowes.com,https://www.lowes.com/pd/American-Standard-Colony-White-Elongated-Standard-Height-2-Piece-Toilet-12-in-Rough-In-Size/50280511,American Standard  Colony White Elongated Standard Height 2-piece Toilet 12-in Rough-In Size,Model #221CA004.020,254.0,USD,,Tom,"December 24, 2019",,5,0,8
